Domain,Status,Attractiveness,Demand,Length,Sectors,Created,Expires,Registrar
one.living,available,132,43%,3,"Business,General,Media,Technology",,,
brief.living,available,124,19%,5,"Business,Education,General,Law",,,
complete.living,available,120,21%,8,"Manufacturing,Retail,Technology",,,
wizard.living,available,118,42%,6,"Entertainment,Media,Technology",,,
flat.living,available,116,23%,4,"Construction,Real Estate",,,
tenth.living,available,116,7%,5,Mathematics,,,
equal.living,available,116,19%,5,"Education,General,Law",,,
above.living,available,112,22%,5,Business,,,
acute.living,available,112,9%,5,"Mathematics,Medicine,Science",,,
zero.living,available,112,49%,4,Mathematics,,,
hotshot.living,available,112,14%,7,"Business,Entertainment,Sports",,,
abstract.living,available,108,29%,8,"Arts,Humanities,Science",,,
abiding.living,available,106,5%,7,"General,Religion",,,
expert.living,available,104,26%,6,"Business,Education,Technology",,,
teen.living,available,104,14%,4,"Education,Entertainment,Healthcare",,,
active.living,available,104,27%,6,"Health and Fitness,Sports,Travel",,,
eight.living,available,102,23%,5,"General,Mathematics",,,
extra.living,available,102,26%,5,"Fashion,Retail,Technology",,,
captive.living,available,102,14%,7,"Entertainment,Hospitality,Technology",,,
absent.living,available,102,8%,6,"Business,Education,Technology",,,
ninth.living,available,100,9%,5,Mathematics,,,
third.living,available,100,15%,5,Mathematics,,,
whiz.living,available,100,12%,4,"Business,Education,Technology",,,
remove.living,available,100,13%,6,"Construction,Manufacturing,Technology",,,
sixth.living,available,100,8%,5,Mathematics,,,
crack.living,available,100,20%,5,Sports,,,
eighth.living,available,100,6%,6,Mathematics,,,
adjunct.living,available,100,5%,7,Education,,,
abrupt.living,available,100,3%,6,"Medicine,Science",,,
genius.living,available,98,46%,6,"Arts,Education,Technology",,,
whizz.living,available,98,11%,5,"Business,Education,Technology",,,
forgiving.living,available,96,3%,9,"Healthcare,Religion",,,
academic.living,available,96,20%,8,"Education,Humanities,Science",,,
alamode.living,available,96,12%,9,Fashion,,,
actual.living,available,96,22%,6,"Real Estate,Retail,Technology",,,
doable.living,available,96,9%,6,"Business,Education,Technology",,,
adequate.living,available,94,9%,8,"Education,Healthcare,Technology",,,
around.living,available,94,22%,6,"Business,General,Media,Technology",,,
virtuoso.living,available,94,16%,8,"Arts,Entertainment",,,
about.living,available,94,28%,5,"Business,General,Media,Technology",,,
abject.living,available,94,7%,6,Humanities,,,
twentieth.living,available,92,3%,9,Mathematics,,,
nought.living,available,92,4%,6,Mathematics,,,
derelict.living,available,92,7%,8,"Construction,Real Estate",,,
adjective.living,available,92,5%,9,Education,,,
neutral.living,available,92,20%,7,"Business,Media,Politics",,,
exemplary.living,available,92,5%,9,"Business,Education,Healthcare",,,
gripping.living,available,90,3%,8,"Entertainment,Media,Technology",,,
additional.living,available,90,8%,10,"Fashion,Retail,Technology",,,
leash.living,available,90,7%,5,"General,Health and Fitness,Retail",,,
clear.living,available,90,47%,5,"Manufacturing,Retail,Technology",,,
addictive.living,available,90,9%,9,Healthcare,,,
endearing.living,available,90,1%,9,"Entertainment,Fashion,Retail",,,
abortive.living,available,90,1%,8,"Medicine,Science",,,
adoring.living,available,90,2%,7,"Entertainment,Fashion,Retail",,,
riveting.living,available,90,6%,8,"Entertainment,Media,Technology",,,
eleven.living,available,88,32%,6,Mathematics,,,
activist.living,available,88,12%,8,"Humanities,Politics",,,
twelve.living,available,88,18%,6,"General,Mathematics",,,
fifteen.living,available,88,13%,7,Mathematics,,,
ten.living,available,88,27%,3,"General,Mathematics",,,
ace.living,available,88,34%,3,Sports,,,
proficient.living,available,88,8%,10,"Education,Health and Fitness,Sports",,,
adlib.living,available,88,7%,6,Entertainment,,,
sixteen.living,available,88,10%,7,Mathematics,,,
hundred.living,available,88,13%,7,Mathematics,,,
wide.living,available,88,18%,4,"Business,Media,Technology",,,
three.living,available,88,23%,5,Mathematics,,,
actionable.living,available,88,13%,10,"Business,Law",,,
engrossing.living,available,86,0%,10,"Entertainment,Media,Technology",,,
recondite.living,available,86,4%,9,"Arts,Humanities,Science",,,
cipher.living,available,86,29%,6,Mathematics,,,
xix.living,available,86,10%,3,Mathematics,,,
adolescent.living,available,86,3%,10,"Education,Entertainment,Healthcare",,,
xiv.living,available,86,12%,3,Mathematics,,,
aboriginal.living,available,86,10%,10,Humanities,,,
star.living,available,86,40%,4,"Entertainment,Media,Sports",,,
extempore.living,available,86,3%,9,Entertainment,,,
attendant.living,available,86,5%,9,"Healthcare,Hospitality,Transportation",,,
intent.living,available,86,25%,6,"Business,Education,Technology",,,
thirteen.living,available,84,10%,8,Mathematics,,,
adjustable.living,available,84,3%,10,"Manufacturing,Retail,Technology",,,
accessory.living,available,84,8%,9,"Fashion,Retail,Technology",,,
acting.living,available,84,12%,6,Entertainment,,,
fourteen.living,available,84,8%,8,Mathematics,,,
sharp.living,available,84,34%,5,"Arts,Fashion",,,
seventeen.living,available,84,7%,9,Mathematics,,,
grand.living,available,84,25%,5,"Finance,General",,,
twentytwo.living,available,84,10%,10,Mathematics,,,
twentyone.living,available,84,13%,10,Mathematics,,,
nineteen.living,available,84,8%,8,Mathematics,,,
thousand.living,available,84,8%,8,Mathematics,,,
deviate.living,available,84,12%,7,"Medicine,Science",,,
abenaki.living,available,82,2%,7,Geography,,,
absorbent.living,available,82,3%,9,"Healthcare,Manufacturing,Retail",,,
cleansing.living,available,82,3%,9,Health and Fitness,,,
dozen.living,available,82,10%,5,Mathematics,,,
abkhaz.living,available,82,1%,6,Geography,,,
altered.living,available,82,9%,7,"Medicine,Science",,,
abroach.living,available,82,1%,7,Food and Beverage,,,
decade.living,available,82,10%,6,Mathematics,,,
fivesome.living,available,82,1%,8,Sports,,,
enduring.living,available,82,9%,8,"Health and Fitness,Religion",,,
abdominal.living,available,82,1%,9,"Health and Fitness,Medicine",,,
impromptu.living,available,82,16%,9,Entertainment,,,
two.living,available,80,23%,3,Mathematics,,,
absurd.living,available,80,16%,6,"Arts,Entertainment,Media",,,
forty.living,available,80,9%,5,Mathematics,,,
sequent.living,available,80,7%,7,"Healthcare,Insurance,Transportation",,,
able.living,available,80,29%,4,"Business,Education,General,Technology",,,
trio.living,available,80,21%,4,Entertainment,,,
some.living,available,80,32%,4,"Business,Media,Retail",,,
capable.living,available,80,12%,7,"Business,Education,Technology",,,
twenty.living,available,80,12%,6,Mathematics,,,
seventh.living,available,80,10%,7,Mathematics,,,
wiz.living,available,80,30%,3,"Business,Education,Technology",,,
absorbable.living,available,80,0%,10,"Healthcare,Pharmaceuticals,Science",,,
superstar.living,available,80,18%,9,Entertainment,,,
adoptable.living,available,80,3%,9,"Education,Healthcare",,,
dorsal.living,available,80,6%,6,"Medicine,Science",,,
nine.living,available,80,24%,4,"General,Mathematics",,,
first.living,available,80,34%,5,"General,Mathematics",,,
worshipful.living,available,80,1%,10,"Education,Healthcare,Religion",,,
absolute.living,available,80,25%,8,"Engineering,Mathematics,Science",,,
accepted.living,available,78,6%,8,"Business,Education,Technology",,,
sixtynine.living,available,78,8%,10,Mathematics,,,
adorable.living,available,78,8%,8,"Entertainment,Fashion,Retail",,,
abkhazian.living,available,78,1%,9,Geography,,,
adrenal.living,available,78,4%,7,"Education,Healthcare,Science",,,
acceptant.living,available,78,1%,9,"Education,Healthcare",,,
adjacent.living,available,78,9%,8,"Construction,Real Estate,Retail",,,
acceptable.living,available,78,5%,10,"Business,Hospitality,Retail",,,
low.living,available,78,20%,3,"Business,Finance",,,
dormant.living,available,78,4%,7,"Medicine,Science",,,
accidental.living,available,78,11%,10,"Healthcare,Insurance,Transportation",,,
twentysix.living,available,78,8%,10,Mathematics,,,
recognised.living,available,78,3%,10,"Business,Education,Technology",,,
absorptive.living,available,78,1%,10,"Healthcare,Manufacturing,Retail",,,
recognized.living,available,78,3%,10,"Business,Education,Technology",,,
honestly.living,available,78,9%,8,"Business,Law",,,
abounding.living,available,78,2%,9,Agriculture,,,
athletic.living,available,78,15%,8,"Health and Fitness,Sports",,,
abkhasian.living,available,78,1%,9,Geography,,,
ague.living,available,76,2%,4,"Geography,Medicine,Science",,,
ventral.living,available,76,3%,7,Science,,,
threed.living,available,76,7%,7,Technology,,,
adherent.living,available,76,4%,8,"Politics,Religion",,,
diamond.living,available,76,32%,7,Fashion,,,
obscene.living,available,76,5%,7,"Entertainment,Media",,,
firstrate.living,available,76,6%,10,Business,,,
adaptable.living,expiring,76,9%,9,"Business,Education,Technology",22/08/2024 17:24,22/08/2025 17:24,GoDaddy
nineteenth.living,available,76,3%,10,Mathematics,,,
fifteenth.living,available,76,2%,9,Mathematics,,,
resultant.living,available,76,2%,9,"Healthcare,Insurance,Transportation",,,
addable.living,available,76,2%,7,"Engineering,Mathematics,Science",,,
auxiliary.living,available,76,7%,9,"Healthcare,Manufacturing,Technology",,,
improvise.living,available,76,4%,9,Entertainment,,,
acoustic.living,available,76,14%,8,Science,,,
adhesive.living,available,76,7%,8,"Construction,Manufacturing,Technology",,,
ancillary.living,available,76,6%,9,"Healthcare,Manufacturing,Technology",,,
hundredth.living,available,76,1%,9,Mathematics,,,
thousandth.living,available,76,1%,10,Mathematics,,,
fourteenth.living,available,76,2%,10,Mathematics,,,
thirteenth.living,available,76,3%,10,Mathematics,,,
adipose.living,available,76,2%,7,"Healthcare,Science",,,
abrasive.living,available,76,6%,8,"Construction,Manufacturing",,,
incidental.living,available,76,4%,10,"Healthcare,Insurance,Transportation",,,
eighteen.living,available,76,7%,8,Mathematics,,,
energizing.living,available,76,3%,10,"Food and Beverage,Health and Fitness,Travel",,,
sensation.living,available,74,7%,9,"Entertainment,Media,Sports",,,
adamant.living,available,74,14%,7,Religion,,,
manageable.living,available,74,4%,10,"Business,Education,Technology",,,
aberrant.living,available,74,6%,8,"Medicine,Science",,,
mavin.living,available,74,7%,5,"Entertainment,Fashion,Technology",,,
realizable.living,available,74,1%,10,"Business,Education,Technology",,,
accepting.living,available,74,3%,9,"Education,Healthcare",,,
admirable.living,available,74,5%,9,"Business,Education,Healthcare",,,
skilful.living,available,74,3%,7,"Education,Health and Fitness,Sports",,,
achievable.living,available,74,4%,10,"Business,Education,Technology",,,
adrenergic.living,available,74,1%,10,"Education,Healthcare,Science",,,
acuate.living,available,74,2%,6,"Engineering,Medicine,Science",,,
activated.living,available,74,9%,9,"Healthcare,Manufacturing,Technology",,,
supra.living,available,74,25%,5,"Medicine,Science",,,
playing.living,available,74,12%,7,Entertainment,,,
single.living,available,74,19%,6,Sports,,,
adenoid.living,available,74,1%,7,"Health and Fitness,Medicine,Science",,,
broad.living,available,74,13%,5,"Entertainment,General,Media",,,
cleared.living,available,74,7%,7,"Healthcare,Law,Transportation",,,
abnormal.living,available,74,16%,8,"Medicine,Science",,,
adjectival.living,available,72,1%,10,Education,,,
champion.living,available,72,28%,8,"Entertainment,Health and Fitness,Sports",,,
addicted.living,available,72,9%,8,Healthcare,,,
adjunctive.living,available,72,1%,10,"Healthcare,Manufacturing,Technology",,,
adaptative.living,available,72,1%,10,"Business,Education,Technology",,,
absorbed.living,available,72,2%,8,"Entertainment,Media,Technology",,,
improvize.living,available,72,1%,9,Entertainment,,,
deep.living,available,72,41%,4,"Engineering,Mathematics,Science",,,
abreast.living,available,72,2%,7,"Business,Technology",,,
trey.living,available,72,13%,4,Sports,,,
ninetieth.living,available,72,1%,9,Mathematics,,,
aching.living,available,72,4%,6,Healthcare,,,
abloom.living,available,72,5%,6,Agriculture,,,
ablaze.living,available,72,6%,6,Entertainment,,,
eightieth.living,available,72,1%,9,Mathematics,,,
sixtieth.living,available,72,1%,8,Mathematics,,,
accustomed.living,available,72,1%,10,"Business,Education,Humanities",,,
ternary.living,available,72,7%,7,Mathematics,,,
liv.living,available,72,28%,3,Mathematics,,,
absolutist.living,available,72,1%,10,"Humanities,Law,Politics",,,
seventieth.living,available,72,1%,10,Mathematics,,,
adiabatic.living,available,72,3%,9,"Engineering,Science",,,
adonic.living,available,72,2%,6,"Arts,Education,Entertainment",,,
existent.living,available,72,3%,8,"Mathematics,Science",,,
accusative.living,available,72,0%,10,"Humanities,Law",,,
trinity.living,available,72,18%,7,Religion,,,
engrossed.living,available,72,1%,9,"Entertainment,Media,Technology",,,
lowdown.living,available,70,6%,8,"Entertainment,Media",,,
skillful.living,available,70,9%,8,"Education,Health and Fitness,Sports",,,
adamantine.living,available,70,4%,10,Religion,,,
abulic.living,available,70,1%,6,Medicine,,,
recumbent.living,available,70,2%,9,"Healthcare,Medicine,Science",,,
offhand.living,available,70,2%,7,Entertainment,,,
miserable.living,available,70,4%,9,Humanities,,,
tiptop.living,available,70,24%,6,Fashion,,,
accumbent.living,available,70,1%,9,"Healthcare,Medicine,Science",,,
practiced.living,available,70,3%,9,"Education,Health and Fitness,Sports",,,
absorbing.living,available,70,3%,9,"Entertainment,Media,Technology",,,
acuminate.living,available,70,1%,9,"Engineering,Medicine,Science",,,
consequent.living,available,70,3%,10,"Business,Education,General,Technology",,,
abradant.living,available,70,1%,8,"Construction,Manufacturing",,,
adored.living,available,70,6%,6,"Entertainment,Fashion,Retail",,,
admired.living,available,70,5%,7,"Business,Education,Healthcare",,,
stillborn.living,available,70,2%,9,"Medicine,Science",,,
gymnastic.living,available,70,3%,9,"Entertainment,Sports",,,
unity.living,available,70,38%,5,Mathematics,,,
adjusted.living,available,70,5%,8,"Manufacturing,Retail,Technology",,,
foursome.living,available,68,4%,8,Sports,,,
vindicated.living,available,68,2%,10,"Humanities,Law,Politics",,,
octonary.living,available,68,1%,8,Mathematics,,,
septenary.living,available,68,2%,9,Mathematics,,,
licenced.living,available,68,2%,8,"Business,Healthcare,Insurance",,,
ane.living,available,68,12%,3,Mathematics,,,
ennead.living,available,68,5%,6,Mathematics,,,
achaean.living,available,68,2%,7,Humanities,,,
aberdonian.living,available,68,1%,10,Geography,,,
abducent.living,available,68,0%,8,Medicine,,,
acerate.living,available,68,1%,7,Science,,,
licensed.living,available,68,5%,8,"Business,Healthcare,Insurance",,,
aroused.living,available,68,3%,7,"Entertainment,Health and Fitness",,,
sevener.living,available,68,1%,7,Mathematics,,,
decorated.living,available,68,3%,9,"Entertainment,Fashion,Retail",,,
achaian.living,available,68,2%,7,Humanities,,,
activating.living,available,68,3%,10,"Healthcare,Manufacturing,Technology",,,
ablative.living,available,68,3%,8,Science,,,
disciple.living,expiring,68,14%,8,"Education,Religion",27/08/2024 22:20,27/08/2025 22:20,NAMECHEAP
accredited.living,available,68,9%,10,"Business,Education,Healthcare",,,
aculeate.living,available,68,1%,8,"Engineering,Medicine,Science",,,
overseas.living,available,68,12%,8,"Hospitality,Travel",,,
abkhas.living,available,68,0%,6,Geography,,,
abnaki.living,available,68,1%,6,Geography,,,
threesome.living,available,68,5%,9,Entertainment,,,
thirtieth.living,available,68,1%,9,Mathematics,,,
fiftieth.living,available,68,1%,8,Mathematics,,,
fortieth.living,available,68,1%,8,Mathematics,,,
stygian.living,available,68,5%,7,Humanities,,,
scurvy.living,available,68,3%,6,Humanities,,,
xxii.living,available,66,6%,4,Mathematics,,,
xxi.living,available,66,10%,3,Mathematics,,,
adopted.living,available,66,4%,7,"Education,Healthcare",,,
fifty.living,available,66,13%,5,Mathematics,,,
tenner.living,available,66,4%,6,Finance,,,
eighty.living,available,66,6%,6,Mathematics,,,
deuce.living,available,66,8%,5,Sports,,,
clv.living,available,66,10%,3,Mathematics,,,
exonerated.living,available,66,2%,10,"Humanities,Law,Politics",,,
accessary.living,available,66,1%,9,"Business,Law,Technology",,,
xxv.living,available,66,6%,3,Mathematics,,,
acappella.living,available,66,6%,10,Entertainment,,,
ninety.living,available,66,11%,6,Mathematics,,,
thirty.living,available,66,7%,6,Mathematics,,,
five.living,available,66,26%,4,Mathematics,,,
xii.living,available,66,10%,3,Mathematics,,,
buzzing.living,available,66,7%,7,"Entertainment,Media,Technology",,,
xvii.living,available,66,5%,4,Mathematics,,,
teenager.living,available,66,4%,8,"Education,Entertainment,Healthcare",,,
four.living,available,66,27%,4,Mathematics,,,
performing.living,available,66,6%,10,Entertainment,,,
xviii.living,available,66,4%,5,Mathematics,,,
onec.living,available,66,6%,5,Mathematics,,,
sextet.living,available,66,2%,6,Entertainment,,,
latest.living,available,66,18%,6,Technology,,,
xiii.living,available,66,9%,4,Mathematics,,,
adorned.living,available,66,5%,7,"Entertainment,Fashion,Retail",,,
abstinent.living,available,66,1%,9,"Health and Fitness,Religion",,,
maven.living,available,66,30%,5,"Entertainment,Fashion,Technology",,,
century.living,available,66,17%,7,Education,,,
according.living,available,66,3%,9,"Business,Education,Technology",,,
xxvi.living,available,66,3%,4,Mathematics,,,
six.living,available,66,26%,3,Mathematics,,,
xvi.living,available,66,4%,3,Mathematics,,,
acervate.living,available,66,1%,8,Science,,,
acrobatic.living,available,66,4%,9,"Entertainment,Sports",,,
astringent.living,available,64,1%,10,"Healthcare,Pharmaceuticals",,,
rising.living,available,64,18%,6,"Construction,Manufacturing,Real Estate",,,
ccc.living,available,64,38%,3,Mathematics,,,
adagio.living,available,64,14%,6,Entertainment,,,
nondrinker.living,available,64,1%,10,"Health and Fitness,Religion",,,
scatty.living,available,64,1%,6,"Arts,Entertainment,Media",,,
acentric.living,available,64,2%,8,Science,,,
aflame.living,available,64,3%,6,Entertainment,,,
deviant.living,available,64,12%,7,"Medicine,Science",,,
accordant.living,available,64,3%,9,"Arts,Entertainment",,,
absolved.living,available,64,1%,8,"Humanities,Law,Religion",,,
quartet.living,available,62,7%,7,"Arts,Entertainment",,,
sixteenth.living,available,62,1%,9,Mathematics,,,
eleventh.living,available,62,5%,8,Mathematics,,,
abo.living,available,62,15%,3,Science,,,
fortyfour.living,available,62,6%,10,Mathematics,,,
accrued.living,available,62,2%,7,"Banking,Finance,Insurance",,,
admissible.living,available,62,1%,10,"Education,Healthcare,Law",,,
orso.living,available,62,9%,5,"Business,Media,Technology",,,
aborigine.living,available,62,1%,9,Humanities,,,
nail.living,available,62,16%,4,"Construction,Fashion,General,Retail",,,
cumulative.living,available,62,2%,10,"Banking,Finance,Insurance",,,
exculpated.living,available,62,1%,10,"Humanities,Law,Politics",,,
playacting.living,available,62,1%,10,Entertainment,,,
wrapped.living,available,62,13%,7,"Fashion,Hospitality,Retail",,,
acidic.living,available,62,5%,6,"Food and Beverage,Science",,,
pungent.living,available,62,1%,7,Food and Beverage,,,
adjuvant.living,available,62,5%,8,"Healthcare,Manufacturing,Technology",,,
troika.living,available,62,8%,6,Politics,,,
activistic.living,available,62,1%,10,"Humanities,Politics",,,
twodozen.living,available,62,1%,9,Mathematics,,,
aufait.living,available,62,3%,7,"Fashion,Media",,,
activation.living,available,62,16%,10,"Healthcare,Manufacturing,Technology",,,
accusing.living,available,62,1%,8,Law,,,
adoptive.living,available,62,1%,8,"Education,Healthcare",,,
longdozen.living,available,62,1%,10,Mathematics,,,
eighteenth.living,available,62,1%,10,Mathematics,,,
ensuant.living,available,62,1%,7,"Healthcare,Insurance,Transportation",,,
chiliad.living,available,62,2%,7,Mathematics,,,
roughly.living,available,62,3%,7,"Business,Media,Technology",,,
cxl.living,available,60,7%,3,Mathematics,,,
aboveboard.living,available,60,5%,10,"Business,Law",,,
clx.living,available,60,8%,3,Mathematics,,,
idolized.living,available,60,3%,8,"Entertainment,Fashion,Retail",,,
clxxx.living,available,60,1%,5,Mathematics,,,
octet.living,available,60,12%,5,Arts,,,
clxv.living,available,60,1%,4,Mathematics,,,
cxv.living,available,60,4%,3,Mathematics,,,
cxxx.living,available,60,3%,4,Mathematics,,,
clxxv.living,available,60,1%,5,Mathematics,,,
annexal.living,available,60,1%,7,"Agriculture,Manufacturing,Retail",,,
sixty.living,available,60,13%,5,Mathematics,,,
thou.living,available,60,7%,4,Mathematics,,,
xcl.living,available,60,5%,3,Mathematics,,,
abstemious.living,available,60,0%,10,"Food and Beverage,Health and Fitness,Hospitality",,,
cxlv.living,available,60,2%,4,Mathematics,,,
abashed.living,available,60,1%,7,Humanities,,,
cxxv.living,available,60,1%,4,Mathematics,,,
clxx.living,available,60,2%,4,Mathematics,,,
cxx.living,available,60,9%,3,Mathematics,,,
abstainer.living,available,60,0%,9,"Health and Fitness,Religion",,,
cautionary.living,available,60,1%,10,"Business,Education,Healthcare",,,
cxxxv.living,available,60,1%,5,Mathematics,,,
idolised.living,available,60,1%,8,"Entertainment,Fashion,Retail",,,
paunchy.living,available,60,0%,7,"Health and Fitness,Medicine",,,
adnate.living,available,60,1%,6,"Agriculture,Manufacturing,Retail",,,
eightysix.living,available,60,7%,10,Mathematics,,,
tertiary.living,available,60,4%,8,Education,,,
adnexal.living,available,60,1%,7,"Agriculture,Manufacturing,Retail",,,
acceptive.living,available,60,1%,9,"Education,Healthcare",,,
tercet.living,available,59,2%,6,"Arts,Entertainment,Media",,,
aucourant.living,available,58,3%,10,"Fashion,Media",,,
acetic.living,available,58,1%,6,"Food and Beverage,Science",,,
abridged.living,available,58,4%,8,Media,,,
lxxviii.living,available,58,1%,7,Mathematics,,,
super.living,available,58,47%,5,Business,,,
twelfth.living,available,58,2%,7,Mathematics,,,
adhoc.living,available,58,24%,6,"Business,Engineering,Technology",,,
hexad.living,available,58,5%,5,Mathematics,,,
cypher.living,available,58,28%,6,Mathematics,,,
sixer.living,available,58,5%,5,Sports,,,
offhanded.living,available,58,1%,9,Entertainment,,,
heptad.living,available,58,2%,6,Mathematics,,,
accented.living,available,58,3%,8,"Arts,Entertainment",,,
fifth.living,available,58,12%,5,Mathematics,,,
addressed.living,available,58,3%,9,"Business,Technology,Telecommunications",,,
addible.living,available,58,2%,7,"Engineering,Mathematics,Science",,,
pentad.living,available,58,3%,6,Mathematics,,,
enwrapped.living,available,58,0%,9,"Entertainment,Fashion,Media",,,
alacarte.living,available,58,11%,10,Food and Beverage,,,
seven.living,available,58,35%,5,Mathematics,,,
niner.living,available,58,5%,5,Mathematics,,,
accoutred.living,available,58,1%,9,"Fashion,Manufacturing,Retail",,,
sixtyone.living,available,58,5%,9,Mathematics,,,
octad.living,available,58,5%,5,Mathematics,,,
actuarial.living,available,58,8%,9,"Finance,Insurance,Mathematics",,,
adjustive.living,available,58,1%,9,"Manufacturing,Retail,Technology",,,
abandoned.living,available,58,10%,9,"Construction,Real Estate",,,
abused.living,available,58,5%,6,"Healthcare,Law",,,
ache.living,available,58,7%,4,Healthcare,,,
seventy.living,available,58,7%,7,Mathematics,,,
sextuplet.living,available,58,1%,9,Healthcare,,,
adient.living,available,58,4%,6,"Medicine,Science",,,
centesimal.living,available,58,1%,10,Mathematics,,,
abuzz.living,available,58,5%,5,"Entertainment,Media,Technology",,,
acyclic.living,available,58,4%,7,"Engineering,Mathematics,Science",,,
tetrad.living,available,58,5%,6,Mathematics,,,
closeto.living,available,58,3%,8,"Business,Media,Technology",,,
fourth.living,available,58,13%,6,Mathematics,,,
quintet.living,available,58,8%,7,"Arts,Entertainment",,,
linear.living,available,58,22%,6,"Engineering,Mathematics,Science",,,
lxxx.living,available,58,2%,4,Mathematics,,,
fourscore.living,available,58,4%,9,Mathematics,,,
justabout.living,available,58,3%,10,"Business,Media,Technology",,,
eighter.living,available,58,2%,7,Mathematics,,,
accretive.living,available,58,6%,9,"Banking,Finance,Insurance",,,
xxxi.living,available,56,8%,4,Mathematics,,,
xxxv.living,available,56,4%,4,Mathematics,,,
fiftyone.living,available,56,8%,9,Mathematics,,,
lviii.living,available,56,1%,5,Mathematics,,,
halfdozen.living,available,56,1%,10,Mathematics,,,
xxxviii.living,available,56,1%,7,Mathematics,,,
xlvii.living,available,56,2%,5,Mathematics,,,
thirtyone.living,available,56,4%,10,Mathematics,,,
fiftysix.living,available,56,4%,9,Mathematics,,,
xlii.living,available,56,5%,4,Mathematics,,,
xxix.living,available,56,4%,4,Mathematics,,,
fortyone.living,available,56,5%,9,Mathematics,,,
triad.living,available,56,15%,5,Arts,,,
fiftyfive.living,available,56,8%,10,Mathematics,,,
thirtytwo.living,available,56,4%,10,Mathematics,,,
fiftyfour.living,available,56,4%,10,Mathematics,,,
xliii.living,available,56,1%,5,Mathematics,,,
xlvi.living,available,56,3%,4,Mathematics,,,
xxxiii.living,available,56,2%,6,Mathematics,,,
aone.living,available,56,15%,5,Food and Beverage,,,
potbellied.living,available,56,0%,10,"Health and Fitness,Medicine",,,
fiftytwo.living,available,56,6%,9,Mathematics,,,
xxviii.living,available,56,1%,6,Mathematics,,,
xliv.living,available,56,3%,4,Mathematics,,,
thirtysix.living,available,56,5%,10,Mathematics,,,
fiftynine.living,available,56,4%,10,Mathematics,,,
xxxii.living,available,56,1%,5,Mathematics,,,
xxiv.living,available,56,5%,4,Mathematics,,,
xxxiv.living,available,56,1%,5,Mathematics,,,
admittable.living,available,56,1%,10,"Education,Healthcare,Hospitality",,,
liii.living,available,56,4%,4,Mathematics,,,
ilx.living,available,56,6%,3,Mathematics,,,
xxvii.living,available,56,3%,5,Mathematics,,,
lii.living,available,56,7%,3,Mathematics,,,
admittible.living,available,56,1%,10,"Education,Healthcare,Hospitality",,,
xxxvi.living,available,56,1%,5,Mathematics,,,
accoutered.living,available,56,0%,10,"Fashion,Manufacturing,Retail",,,
lvi.living,available,56,8%,3,Mathematics,,,
appressed.living,available,56,0%,9,"Agriculture,Manufacturing,Retail",,,
xlv.living,available,56,6%,3,Mathematics,,,
abdominous.living,available,56,0%,10,"Health and Fitness,Medicine",,,
xxxvii.living,available,56,2%,6,Mathematics,,,
xxiii.living,available,56,4%,5,Mathematics,,,
lvii.living,available,56,2%,4,Mathematics,,,
addled.living,available,56,2%,6,Entertainment,,,
admissive.living,available,56,1%,9,"Education,Healthcare,Hospitality",,,
xlviii.living,available,56,1%,6,Mathematics,,,
terzetto.living,available,56,3%,8,Arts,,,
fortysix.living,available,56,4%,9,Mathematics,,,
xli.living,available,56,5%,3,Mathematics,,,
maledict.living,available,56,1%,8,Religion,,,
fortynine.living,available,56,3%,10,Mathematics,,,
abeyant.living,available,56,1%,7,"Business,Law",,,
fortytwo.living,available,56,17%,9,Mathematics,,,
abasic.living,available,54,1%,6,Science,,,
quaternity.living,available,54,4%,10,Mathematics,,,
unnatural.living,available,54,4%,9,"Medicine,Science",,,
adpressed.living,available,54,0%,9,"Agriculture,Manufacturing,Retail",,,
achy.living,available,54,3%,4,Healthcare,,,
abaxial.living,available,54,1%,7,Science,,,
abatic.living,available,54,1%,6,Science,,,
twoscore.living,available,54,2%,8,Mathematics,,,
quadruplet.living,available,54,1%,10,"Healthcare,Medicine,Science",,,
adductive.living,available,54,0%,9,"Engineering,Mathematics,Science",,,
iii.living,available,54,24%,3,Mathematics,,,
adducting.living,available,54,1%,9,"Engineering,Mathematics,Science",,,
sise.living,available,54,5%,4,Mathematics,,,
quaternion.living,available,54,6%,10,Mathematics,,,
adjuratory.living,available,54,0%,10,"Law,Politics,Religion",,,
achromatic.living,available,54,4%,10,Science,,,
vii.living,available,54,13%,3,Mathematics,,,
scratchy.living,available,54,3%,8,Fashion,,,
threescore.living,available,54,2%,10,Mathematics,,,
adducent.living,available,54,1%,8,"Engineering,Mathematics,Science",,,
abducens.living,available,54,1%,8,Medicine,,,
accentual.living,available,54,3%,9,"Arts,Entertainment",,,
aboral.living,available,54,2%,6,Science,,,
deuceace.living,available,54,1%,9,Sports,,,
abient.living,available,54,1%,6,Science,,,
deserted.living,available,54,3%,8,"Hospitality,Real Estate",,,
abhorrent.living,available,54,1%,9,Humanities,,,
fortyfive.living,available,54,5%,10,Mathematics,,,
actuated.living,available,54,2%,8,"Automotive,Manufacturing,Technology",,,
acoustical.living,available,54,4%,10,Science,,,
abatable.living,available,54,1%,8,Law,,,
quatern.living,available,54,2%,7,Mathematics,,,
quintuplet.living,available,54,1%,10,"Healthcare,Medicine,Science",,,
adaxial.living,available,54,2%,7,Science,,,
topnotch.living,available,54,18%,8,Business,,,
accursed.living,available,54,3%,8,"Entertainment,Media,Religion",,,
monitory.living,available,54,3%,8,"Business,Education,Healthcare",,,
fin.living,available,54,30%,3,Finance,,,
admonitory.living,available,54,0%,10,"Business,Education,Healthcare",,,
ternion.living,available,54,3%,7,Mathematics,,,
viii.living,available,54,6%,4,Mathematics,,,
xxx.living,available,53,30%,3,"Arts,Entertainment,Media",,,
septet.living,available,53,1%,6,General,,,
sestet.living,available,53,1%,6,Arts,,,
ablated.living,available,52,1%,7,Science,,,
xcviii.living,available,52,1%,6,Mathematics,,,
lxxvii.living,available,52,2%,6,Mathematics,,,
ninetytwo.living,available,52,4%,10,Mathematics,,,
xcvii.living,available,52,1%,5,Mathematics,,,
eightyone.living,available,52,3%,10,Mathematics,,,
tierce.living,available,52,3%,6,General,,,
lxxxiv.living,available,52,1%,6,Mathematics,,,
xcii.living,available,52,2%,4,Mathematics,,,
sixtyfive.living,available,52,3%,10,Mathematics,,,
lxxxv.living,available,52,1%,5,Mathematics,,,
lxii.living,available,52,2%,4,Mathematics,,,
abstruse.living,available,52,5%,8,"Humanities,Mathematics,Science",,,
adenoidal.living,available,52,1%,9,"Health and Fitness,Medicine,Science",,,
lxxv.living,available,52,2%,4,Mathematics,,,
ixl.living,available,52,9%,3,Mathematics,,,
lxxi.living,available,52,2%,4,Mathematics,,,
ninetysix.living,available,52,4%,10,Mathematics,,,
decumbent.living,available,52,1%,9,"Healthcare,Medicine,Science",,,
lxviii.living,available,52,2%,6,Mathematics,,,
lxxiv.living,available,52,1%,5,Mathematics,,,
chagrined.living,available,52,1%,9,Humanities,,,
sixtysix.living,available,52,5%,9,Mathematics,,,
repugnant.living,available,52,1%,9,Humanities,,,
lxvii.living,available,52,1%,5,Mathematics,,,
littlejoe.living,available,52,2%,10,"Entertainment,Media",,,
lxi.living,available,52,5%,3,Mathematics,,,
lxxxiii.living,available,52,1%,7,Mathematics,,,
xciv.living,available,52,2%,4,Mathematics,,,
lxvi.living,available,52,3%,4,Mathematics,,,
abysmal.living,available,52,4%,7,"Arts,Entertainment,Media",,,
xcvi.living,available,52,2%,4,Mathematics,,,
lxxii.living,available,52,1%,5,Mathematics,,,
lxiv.living,available,52,3%,4,Mathematics,,,
xci.living,available,52,4%,3,Mathematics,,,
aboulic.living,available,52,1%,7,Medicine,,,
ixc.living,available,52,5%,3,Mathematics,,,
xciii.living,available,52,1%,5,Mathematics,,,
lxv.living,available,52,5%,3,Mathematics,,,
repulsive.living,available,52,1%,9,Humanities,,,
lxxxvi.living,available,52,1%,6,Mathematics,,,
uphill.living,available,52,7%,6,"Sports,Transportation,Travel",,,
lxxvi.living,available,52,1%,5,Mathematics,,,
eightytwo.living,available,52,4%,10,Mathematics,,,
abominable.living,available,52,2%,10,"Entertainment,Humanities",,,
lxxiii.living,available,52,2%,6,Mathematics,,,
xcv.living,available,52,7%,3,Mathematics,,,
lxxxvii.living,available,52,1%,7,Mathematics,,,
sixtytwo.living,available,52,3%,9,Mathematics,,,
abusive.living,available,52,3%,7,"Healthcare,Law",,,
sixtyfour.living,available,52,4%,10,Mathematics,,,
lxiii.living,available,52,2%,5,Mathematics,,,
lxxxi.living,available,52,1%,5,Mathematics,,,
ninetyone.living,available,52,5%,10,Mathematics,,,
lxxxii.living,available,52,1%,6,Mathematics,,,
odious.living,available,52,2%,6,"Entertainment,Humanities",,,
detestable.living,available,52,1%,10,Humanities,,,
acerb.living,available,50,2%,5,Science,,,
abranchial.living,available,50,0%,10,Science,,,
needlelike.living,available,50,0%,10,"Engineering,Medicine,Science",,,
abdicable.living,available,50,0%,9,Law,,,
ogdoad.living,available,50,1%,6,Mathematics,,,
aborticide.living,available,50,0%,10,Medicine,,,
adactylous.living,available,50,0%,10,Science,,,
lxx.living,available,50,5%,3,Mathematics,,,
scummy.living,available,50,1%,6,Humanities,,,
acaudal.living,available,50,1%,7,"Agriculture,Science",,,
abomasal.living,available,50,0%,8,Agriculture,,,
acetose.living,available,50,1%,7,Science,,,
abducting.living,available,50,0%,9,Medicine,,,
abbatial.living,available,50,0%,8,Religion,,,
acquitted.living,available,50,1%,9,Law,,,
spinous.living,available,50,1%,7,"Agriculture,Science",,,
abactinal.living,available,50,0%,9,Science,,,
vinegary.living,available,50,1%,8,Food and Beverage,,,
trine.living,available,50,11%,5,"General,Religion",,,
acapnotic.living,available,50,0%,9,"Healthcare,Medicine,Science",,,
acapnic.living,available,50,0%,7,"Healthcare,Medicine,Science",,,
cinque.living,available,50,7%,6,Mathematics,,,
aculeated.living,available,50,0%,9,"Engineering,Medicine,Science",,,
acellular.living,available,50,1%,9,Science,,,
triplet.living,available,50,8%,7,Science,,,
adhominem.living,available,50,2%,10,"Humanities,Law,Politics",,,
acetous.living,available,50,1%,7,Science,,,
acerose.living,available,50,1%,7,Science,,,
acerbic.living,available,50,2%,7,"Arts,Humanities,Media",,,
broached.living,available,50,0%,8,Food and Beverage,,,
quint.living,available,50,13%,5,"Arts,Entertainment",,,
gillless.living,available,50,0%,9,Science,,,
notguilty.living,available,48,5%,10,Law,,,
ilxx.living,available,48,1%,4,Mathematics,,,
abyssal.living,available,48,12%,7,"Arts,Entertainment,Media",,,
abstracted.living,available,48,5%,10,"Arts,Humanities,Science",,,
apriori.living,available,48,13%,8,Mathematics,,,
execrable.living,available,48,0%,9,"Entertainment,Humanities",,,
lxxxviii.living,available,48,1%,8,Mathematics,,,
ilxxx.living,available,48,1%,5,Mathematics,,,
theabsurd.living,available,46,1%,10,"Arts,Entertainment,Media",,,
acetylenic.living,available,46,1%,10,Science,,,
achromous.living,available,46,1%,9,Science,,,
stemless.living,available,46,2%,8,"Agriculture,Science",,,
acanthotic.living,available,46,0%,10,"Agriculture,Science",,,
acetabular.living,available,46,1%,10,Science,,,
acephalous.living,available,46,1%,10,Science,,,
acaudate.living,available,46,1%,8,"Agriculture,Science",,,
acarpous.living,available,46,0%,8,"Agriculture,Science",,,
achromic.living,available,46,2%,8,Science,,,
quaternary.living,available,46,3%,10,Mathematics,,,
acanthous.living,available,46,0%,9,"Agriculture,Science",,,
cotyloid.living,available,46,1%,8,Science,,,
acheronian.living,available,46,1%,10,Humanities,,,
acapnial.living,available,46,0%,8,"Healthcare,Medicine,Science",,,
acetonic.living,available,46,1%,8,Science,,,
acarpelous.living,available,46,0%,10,"Agriculture,Science",,,
acicular.living,available,46,2%,8,Science,,,
stripling.living,available,46,2%,9,"Education,Entertainment,Healthcare",,,
vinegarish.living,available,46,1%,10,Food and Beverage,,,
achenial.living,available,46,1%,8,Science,,,
acetylic.living,available,46,1%,8,Science,,,
acanthoid.living,available,46,1%,9,"Agriculture,Science",,,
acherontic.living,available,44,1%,10,Humanities,,,
cotyloidal.living,available,44,1%,10,Science,,,
accusatory.living,available,44,1%,10,Law,,,
phoebe.living,available,41,14%,6,Science,,,
abscessed.living,available,41,0%,9,Healthcare,,,
accurst.living,available,40,1%,7,Religion,,,
accusive.living,available,40,1%,8,Law,,,
scurrilous.living,available,40,1%,10,"Entertainment,Media,Politics",,,